- id: 1
  first_name: "Barthel"
  last_name: "Medlar"
  email: "bmedlar0@mashable.com"
  gender: "Male"
  ip_address: "186.42.13.230"
  name: "Barthel Medlar"
  phone: "+389 (128) 270-8885"
  city: "Pirava"
  birthday_month: "November"
  age: 33
  address: "0 Iowa Street"
  digital_id: "104332"
  education: "BA Economics"
  health_id: "81960"
  country: "Macedonia"
  state: "California"
  postal_code: "7316"
  marital_status: "yes"
  employment_status: "yes"
  blood_group: "B-"

- id: 2
  first_name: "Maude"
  last_name: "Hair"
  email: "mhair1@oakley.com"
  gender: "Female"
  ip_address: "237.96.241.84"
  name: "Maude Hair"
  phone: "+62 (861) 370-3599"
  city: "Dalam"
  birthday_month: "April"
  age: 34
  address: "4 Sherman Court"
  digital_id: "890838"
  education: "MCA"
  health_id: "37940"
  country: "Indonesia"
  state: "Texas"
  postal_code: "34260"
  marital_status: "yes"
  employment_status: "no"
  blood_group: "AB-"

- id: 3
  first_name: "Payton"
  last_name: "Abad"
  email: "pabad2@tinypic.com"
  gender: "Male"
  ip_address: "206.25.209.72"
  name: "Payton Abad"
  phone: "+66 (318) 379-1949"
  city: "Noen Maprang"
  birthday_month: "May"
  age: 39
  address: "154 Northview Lane"
  digital_id: "235116"
  education: "BA Economics"
  health_id: "55940"
  country: "Thailand"
  state: "New York"
  postal_code: "65190"
  marital_status: "no"
  employment_status: "yes"
  blood_group: "O+"

- id: 4
  first_name: "Levin"
  last_name: "Kearley"
  email: "lkearley3@eventbrite.com"
  gender: "Male"
  ip_address: "247.145.163.69"
  name: "Levin Kearley"
  phone: "+86 (537) 903-2624"
  city: "Yilan"
  birthday_month: "February"
  age: 74
  address: "31075 Mesta Road"
  digital_id: "849593"
  education: "BA Economics"
  health_id: "03413"
  country: "China"
  state: "Florida"
  postal_code: "96426"
  marital_status: "yes"
  employment_status: "no"
  blood_group: "AB+"

- id: 5
  first_name: "Ive"
  last_name: "Hattoe"
  email: "ihattoe4@disqus.com"
  gender: "Male"
  ip_address: "239.105.132.83"
  name: "Ive Hattoe"
  phone: "+54 (506) 608-0802"
  city: "Doblas"
  birthday_month: "August"
  age: 76
  address: "57 Fallview Center"
  digital_id: "525534"
  education: "BA Economics"
  health_id: "92832"
  country: "Argentina"
  state: "Illinois"
  postal_code: "6305"
  marital_status: "no"
  employment_status: "no"
  blood_group: "AB+"

- id: 6
  first_name: "Humfrid"
  last_name: "Winspur"
  email: "hwinspur5@businesswire.com"
  gender: "Male"
  ip_address: "74.95.54.81"
  name: "Humfrid Winspur"
  phone: "+7 (277) 867-3435"
  city: "Rozhdestveno"
  birthday_month: "November"
  age: 66
  address: "9 Morningstar Park"
  digital_id: "835030"
  education: "BTech"
  health_id: "64139"
  country: "Russia"
  state: "Ohio"
  postal_code: "399768"
  marital_status: "no"
  employment_status: "yes"
  blood_group: "O-"

- id: 7
  first_name: "Bradly"
  last_name: "Nowakowski"
  email: "bnowakowski6@irs.gov"
  gender: "Male"
  ip_address: "240.15.140.120"
  name: "Bradly Nowakowski"
  phone: "+84 (580) 759-3188"
  city: "Ngã Bảy"
  birthday_month: "July"
  age: 62
  address: "0097 Declaration Court"
  digital_id: "724238"
  education: "PhD Physics"
  health_id: "49696"
  country: "Vietnam"
  state: "Georgia"
  postal_code: "31949"
  marital_status: "no"
  employment_status: "yes"
  blood_group: "B+"

- id: 8
  first_name: "Dorita"
  last_name: "Creany"
  email: "dcreany7@usnews.com"
  gender: "Female"
  ip_address: "228.172.22.36"
  name: "Dorita Creany"
  phone: "+591 (748) 823-7626"
  city: "Trinidad"
  birthday_month: "September"
  age: 69
  address: "96 Columbus Parkway"
  digital_id: "710122"
  education: "MCA"
  health_id: "91669"
  country: "Bolivia"
  state: "North Carolina"
  postal_code: "20669"
  marital_status: "no"
  employment_status: "no"
  blood_group: "A+"

- id: 9
  first_name: "Dorita"
  last_name: "Focke"
  email: "dfocke8@csmonitor.com"
  gender: "Female"
  ip_address: "191.163.33.179"
  name: "Dorita Focke"
  phone: "+46 (319) 671-5530"
  city: "Stockholm"
  birthday_month: "November"
  age: 15
  address: "718 Redwing Place"
  digital_id: "184514"
  education: "MCA"
  health_id: "27048"
  country: "Sweden"
  state: "Stockholm"
  postal_code: "100 52"
  marital_status: "yes"
  employment_status: "yes"
  blood_group: "AB+"

- id: 10
  first_name: "Aylmar"
  last_name: "Nattriss"
  email: "anattriss9@irs.gov"
  gender: "Male"
  ip_address: "196.218.82.231"
  name: "Aylmar Nattriss"
  phone: "+55 (810) 417-8374"
  city: "Macapá"
  birthday_month: "November"
  age: 0
  address: "9865 Jenna Point"
  digital_id: "893252"
  education: "PhD Physics"
  health_id: "80957"
  country: "Brazil"
  state: "Michigan"
  postal_code: "68900-000"
  marital_status: "yes"
  employment_status: "yes"
  blood_group: "AB-"

- id: 11
  first_name: "Base"
  last_name: "Urlin"
  email: "burlina@addthis.com"
  gender: "Male"
  ip_address: "5.145.142.210"
  name: "Base Urlin"
  phone: "+57 (590) 950-4349"
  city: "Cucutilla"
  birthday_month: "May"
  age: 3
  address: "00 Pawling Place"
  digital_id: "303911"
  education: "MA English"
  health_id: "18227"
  country: "Colombia"
  state: "Pennsylvania"
  postal_code: "544529"
  marital_status: "yes"
  employment_status: "no"
  blood_group: "O+"

- id: 12
  first_name: "Antonie"
  last_name: "Hek"
  email: "ahekb@prnewswire.com"
  gender: "Female"
  ip_address: "61.45.38.48"
  name: "Antonie Hek"
  phone: "+598 (308) 331-8934"
  city: "Cardal"
  birthday_month: "April"
  age: 55
  address: "6372 American Junction"
  digital_id: "834657"
  education: "PhD Physics"
  health_id: "71331"
  country: "Uruguay"
  state: "Arizona"
  postal_code: "48452"
  marital_status: "no"
  employment_status: "yes"
  blood_group: "B-"

- id: 13
  first_name: "Sutherland"
  last_name: "Delhanty"
  email: "sdelhantyc@booking.com"
  gender: "Male"
  ip_address: "78.230.69.27"
  name: "Sutherland Delhanty"
  phone: "+850 (130) 203-2790"
  city: "Sinmak"
  birthday_month: "October"
  age: 65
  address: "37 Macpherson Terrace"
  digital_id: "301031"
  education: "BSc CS"
  health_id: "51834"
  country: "North Korea"
  state: "Colorado"
  postal_code: "62272"
  marital_status: "no"
  employment_status: "yes"
  blood_group: "B+"

- id: 14
  first_name: "Dalis"
  last_name: "Dunton"
  email: "dduntond@printfriendly.com"
  gender: "Male"
  ip_address: "69.171.231.61"
  name: "Dalis Dunton"
  phone: "+1 (214) 105-5162"
  city: "Dallas"
  birthday_month: "December"
  age: 52
  address: "713 Michigan Street"
  digital_id: "997376"
  education: "MSc Data"
  health_id: "11656"
  country: "United States"
  state: "Texas"
  postal_code: "75387"
  marital_status: "no"
  employment_status: "no"
  blood_group: "A+"

- id: 15
  first_name: "Lemmie"
  last_name: "Ielden"
  email: "lieldene@drupal.org"
  gender: "Male"
  ip_address: "144.162.154.192"
  name: "Lemmie Ielden"
  phone: "+251 (976) 794-4744"
  city: "Bichena"
  birthday_month: "November"
  age: 55
  address: "877 Emmet Hill"
  digital_id: "106513"
  education: "MSc Data"
  health_id: "38726"
  country: "Ethiopia"
  state: "Washington"
  postal_code: "69272"
  marital_status: "yes"
  employment_status: "no"
  blood_group: "O-"

- id: 16
  first_name: "Morton"
  last_name: "Scullin"
  email: "mscullinf@behance.net"
  gender: "Male"
  ip_address: "209.136.209.5"
  name: "Morton Scullin"
  phone: "+62 (569) 884-1191"
  city: "Pakapasan Girang"
  birthday_month: "April"
  age: 21
  address: "5 Caliangt Park"
  digital_id: "178108"
  education: "BSc CS"
  health_id: "13267"
  country: "Indonesia"
  state: "Oregon"
  postal_code: "98052"
  marital_status: "no"
  employment_status: "yes"
  blood_group: "O+"

- id: 17
  first_name: "Koral"
  last_name: "Renish"
  email: "krenishg@yahoo.co.jp"
  gender: "Genderfluid"
  ip_address: "119.184.41.47"
  name: "Koral Renish"
  phone: "+351 (667) 324-0389"
  city: "Courelas Bravas"
  birthday_month: "January"
  age: 43
  address: "65 Melvin Drive"
  digital_id: "260647"
  education: "MBA"
  health_id: "68723"
  country: "Portugal"
  state: "Setúbal"
  postal_code: "2975-083"
  marital_status: "no"
  employment_status: "yes"
  blood_group: "A+"

- id: 18
  first_name: "Jennette"
  last_name: "Fardo"
  email: "jfardoh@state.tx.us"
  gender: "Female"
  ip_address: "122.199.55.203"
  name: "Jennette Fardo"
  phone: "+62 (386) 896-2729"
  city: "Wonocoyo Utara"
  birthday_month: "October"
  age: 70
  address: "82115 Dwight Court"
  digital_id: "805009"
  education: "MA English"
  health_id: "88208"
  country: "Indonesia"
  state: "Virginia"
  postal_code: "84777"
  marital_status: "yes"
  employment_status: "yes"
  blood_group: "A-"

- id: 19
  first_name: "Idette"
  last_name: "Knell"
  email: "iknelli@mediafire.com"
  gender: "Female"
  ip_address: "79.70.124.110"
  name: "Idette Knell"
  phone: "+55 (111) 981-8713"
  city: "Jaguariaíva"
  birthday_month: "October"
  age: 58
  address: "93864 West Pass"
  digital_id: "136193"
  education: "Diploma IT"
  health_id: "90916"
  country: "Brazil"
  state: "New Jersey"
  postal_code: "84200-000"
  marital_status: "no"
  employment_status: "no"
  blood_group: "B-"

- id: 20
  first_name: "Juliana"
  last_name: "Forsaith"
  email: "jforsaithj@slashdot.org"
  gender: "Female"
  ip_address: "52.67.139.46"
  name: "Juliana Forsaith"
  phone: "+7 (379) 953-6156"
  city: "Gorodets"
  birthday_month: "November"
  age: 77
  address: "123 Paget Road"
  digital_id: "534624"
  education: "MA English"
  health_id: "51079"
  country: "Russia"
  state: "Massachusetts"
  postal_code: "606533"
  marital_status: "yes"
  employment_status: "yes"
  blood_group: "B-"

- id: 21
  first_name: "Maye"
  last_name: "Millichap"
  email: "mmillichapk@xrea.com"
  gender: "Polygender"
  ip_address: "130.144.173.45"
  name: "Maye Millichap"
  phone: "+86 (736) 973-0159"
  city: "Jiahu"
  birthday_month: "September"
  age: 5
  address: "394 Derek Center"
  digital_id: "425135"
  education: "MBA"
  health_id: "27849"
  country: "China"
  state: "Tennessee"
  postal_code: "65262"
  marital_status: "yes"
  employment_status: "no"
  blood_group: "A-"

- id: 22
  first_name: "Velma"
  last_name: "Seely"
  email: "vseelyl@springer.com"
  gender: "Female"
  ip_address: "132.42.248.186"
  name: "Velma Seely"
  phone: "+46 (893) 660-8709"
  city: "Stockholm"
  birthday_month: "March"
  age: 80
  address: "406 Doe Crossing Court"
  digital_id: "411824"
  education: "MBA"
  health_id: "93534"
  country: "Sweden"
  state: "Stockholm"
  postal_code: "113 39"
  marital_status: "no"
  employment_status: "no"
  blood_group: "A+"

- id: 23
  first_name: "Suzann"
  last_name: "Treagus"
  email: "streagusm@csmonitor.com"
  gender: "Female"
  ip_address: "247.220.2.180"
  name: "Suzann Treagus"
  phone: "+381 (535) 456-5816"
  city: "Radenka"
  birthday_month: "February"
  age: 30
  address: "609 Logan Terrace"
  digital_id: "640052"
  education: "MBA"
  health_id: "27868"
  country: "Serbia"
  state: "Indiana"
  postal_code: "93164"
  marital_status: "yes"
  employment_status: "yes"
  blood_group: "A-"

- id: 24
  first_name: "Waverly"
  last_name: "Alleyne"
  email: "walleynen@technorati.com"
  gender: "Male"
  ip_address: "122.101.240.173"
  name: "Waverly Alleyne"
  phone: "+48 (652) 683-7498"
  city: "Stoszowice"
  birthday_month: "December"
  age: 24
  address: "875 Mcguire Point"
  digital_id: "280598"
  education: "BCom"
  health_id: "62045"
  country: "Poland"
  state: "Missouri"
  postal_code: "57-215"
  marital_status: "yes"
  employment_status: "no"
  blood_group: "B-"

- id: 25
  first_name: "Gavra"
  last_name: "Duffil"
  email: "gduffilo@google.com"
  gender: "Non-binary"
  ip_address: "211.93.222.144"
  name: "Gavra Duffil"
  phone: "+86 (931) 514-8485"
  city: "Houxi"
  birthday_month: "November"
  age: 69
  address: "40216 La Follette Avenue"
  digital_id: "315869"
  education: "BCom"
  health_id: "32260"
  country: "China"
  state: "California"
  postal_code: "12062"
  marital_status: "yes"
  employment_status: "no"
  blood_group: "O+"

- id: 26
  first_name: "Karel"
  last_name: "Hooban"
  email: "khoobanp@microsoft.com"
  gender: "Male"
  ip_address: "28.215.109.34"
  name: "Karel Hooban"
  phone: "+86 (596) 707-6352"
  city: "Fulu"
  birthday_month: "November"
  age: 35
  address: "915 Grasskamp Terrace"
  digital_id: "342160"
  education: "MA English"
  health_id: "33754"
  country: "China"
  state: "Texas"
  postal_code: "27494"
  marital_status: "yes"
  employment_status: "yes"
  blood_group: "A+"

- id: 27
  first_name: "Alverta"
  last_name: "Pettie"
  email: "apettieq@devhub.com"
  gender: "Female"
  ip_address: "31.121.16.195"
  name: "Alverta Pettie"
  phone: "+1 (116) 224-8682"
  city: "Hope"
  birthday_month: "November"
  age: 74
  address: "21 Harper Point"
  digital_id: "365414"
  education: "BTech"
  health_id: "86850"
  country: "Canada"
  state: "British Columbia"
  postal_code: "V7R"
  marital_status: "yes"
  employment_status: "no"
  blood_group: "B+"

- id: 28
  first_name: "Berti"
  last_name: "Joysey"
  email: "bjoyseyr@simplemachines.org"
  gender: "Male"
  ip_address: "105.89.212.214"
  name: "Berti Joysey"
  phone: "+598 (263) 584-6729"
  city: "Nueva Helvecia"
  birthday_month: "October"
  age: 65
  address: "0 Garrison Terrace"
  digital_id: "401965"
  education: "BTech"
  health_id: "69816"
  country: "Uruguay"
  state: "New York"
  postal_code: "92854"
  marital_status: "yes"
  employment_status: "no"
  blood_group: "A+"

- id: 29
  first_name: "Allie"
  last_name: "Pabelik"
  email: "apabeliks@mysql.com"
  gender: "Polygender"
  ip_address: "45.161.48.77"
  name: "Allie Pabelik"
  phone: "+7 (641) 229-0715"
  city: "Yelat’ma"
  birthday_month: "December"
  age: 67
  address: "90 Springview Drive"
  digital_id: "608835"
  education: "MCA"
  health_id: "15951"
  country: "Russia"
  state: "Florida"
  postal_code: "391351"
  marital_status: "no"
  employment_status: "no"
  blood_group: "O+"

- id: 30
  first_name: "Zeb"
  last_name: "Spender"
  email: "zspendert@senate.gov"
  gender: "Male"
  ip_address: "119.120.119.4"
  name: "Zeb Spender"
  phone: "+62 (453) 426-9196"
  city: "Desa Nasol"
  birthday_month: "June"
  age: 75
  address: "7 Green Hill"
  digital_id: "648236"
  education: "MCA"
  health_id: "29946"
  country: "Indonesia"
  state: "Illinois"
  postal_code: "56297"
  marital_status: "yes"
  employment_status: "no"
  blood_group: "AB+"

- id: 31
  first_name: "Chad"
  last_name: "Fulham"
  email: "cfulhamu@independent.co.uk"
  gender: "Male"
  ip_address: "74.69.129.228"
  name: "Chad Fulham"
  phone: "+7 (586) 240-4383"
  city: "Koltubanovskiy"
  birthday_month: "April"
  age: 63
  address: "3 Roxbury Court"
  digital_id: "699577"
  education: "MA English"
  health_id: "38721"
  country: "Russia"
  state: "Ohio"
  postal_code: "446521"
  marital_status: "no"
  employment_status: "no"
  blood_group: "A-"

- id: 32
  first_name: "Mitchell"
  last_name: "Michelin"
  email: "mmichelinv@list-manage.com"
  gender: "Male"
  ip_address: "217.78.20.55"
  name: "Mitchell Michelin"
  phone: "+420 (554) 507-9530"
  city: "Golčův Jeníkov"
  birthday_month: "April"
  age: 45
  address: "72 Schmedeman Drive"
  digital_id: "433200"
  education: "MSc Data"
  health_id: "79176"
  country: "Czech Republic"
  state: "Georgia"
  postal_code: "582 82"
  marital_status: "yes"
  employment_status: "no"
  blood_group: "O-"

- id: 33
  first_name: "Madel"
  last_name: "Maghull"
  email: "mmaghullw@webs.com"
  gender: "Female"
  ip_address: "169.150.79.99"
  name: "Madel Maghull"
  phone: "+57 (206) 790-5647"
  city: "Fosca"
  birthday_month: "July"
  age: 76
  address: "85122 Hansons Pass"
  digital_id: "320163"
  education: "BCom"
  health_id: "87083"
  country: "Colombia"
  state: "North Carolina"
  postal_code: "251837"
  marital_status: "yes"
  employment_status: "no"
  blood_group: "B+"

- id: 34
  first_name: "Ilyse"
  last_name: "Duffitt"
  email: "iduffittx@privacy.gov.au"
  gender: "Female"
  ip_address: "162.208.77.210"
  name: "Ilyse Duffitt"
  phone: "+62 (413) 888-6968"
  city: "Tempel"
  birthday_month: "August"
  age: 8
  address: "4 Morning Point"
  digital_id: "889579"
  education: "PhD Physics"
  health_id: "68727"
  country: "Indonesia"
  state: "Michigan"
  postal_code: "91374"
  marital_status: "no"
  employment_status: "no"
  blood_group: "B-"

- id: 35
  first_name: "Carny"
  last_name: "Kryszka"
  email: "ckryszkay@sciencedaily.com"
  gender: "Male"
  ip_address: "139.136.68.115"
  name: "Carny Kryszka"
  phone: "+420 (817) 648-8045"
  city: "Všetaty"
  birthday_month: "November"
  age: 16
  address: "6889 Packers Center"
  digital_id: "487347"
  education: "BA Economics"
  health_id: "43455"
  country: "Czech Republic"
  state: "Pennsylvania"
  postal_code: "270 21"
  marital_status: "yes"
  employment_status: "yes"
  blood_group: "B+"

- id: 36
  first_name: "Trace"
  last_name: "Haney`"
  email: "thaneyz@dell.com"
  gender: "Male"
  ip_address: "228.224.55.30"
  name: "Trace Haney`"
  phone: "+62 (333) 873-3573"
  city: "Purwodadi"
  birthday_month: "April"
  age: 20
  address: "95959 Rockefeller Park"
  digital_id: "623166"
  education: "BTech"
  health_id: "87603"
  country: "Indonesia"
  state: "Arizona"
  postal_code: "19599"
  marital_status: "no"
  employment_status: "no"
  blood_group: "A+"

- id: 37
  first_name: "Revkah"
  last_name: "Nelligan"
  email: "rnelligan10@toplist.cz"
  gender: "Female"
  ip_address: "25.18.123.136"
  name: "Revkah Nelligan"
  phone: "+86 (153) 921-9094"
  city: "Qixing"
  birthday_month: "October"
  age: 7
  address: "02174 Namekagon Plaza"
  digital_id: "670546"
  education: "MCA"
  health_id: "88937"
  country: "China"
  state: "Colorado"
  postal_code: "55545"
  marital_status: "yes"
  employment_status: "no"
  blood_group: "O+"

- id: 38
  first_name: "Lynna"
  last_name: "Legendre"
  email: "llegendre11@jigsy.com"
  gender: "Female"
  ip_address: "100.130.134.6"
  name: "Lynna Legendre"
  phone: "+1 (212) 377-4011"
  city: "New York City"
  birthday_month: "August"
  age: 55
  address: "64 Spohn Plaza"
  digital_id: "065627"
  education: "BCom"
  health_id: "98069"
  country: "United States"
  state: "New York"
  postal_code: "10039"
  marital_status: "yes"
  employment_status: "yes"
  blood_group: "O+"

- id: 39
  first_name: "Rae"
  last_name: "Furbank"
  email: "rfurbank12@webmd.com"
  gender: "Female"
  ip_address: "112.240.204.215"
  name: "Rae Furbank"
  phone: "+63 (322) 421-0141"
  city: "Barotac Viejo"
  birthday_month: "March"
  age: 12
  address: "233 Brickson Park Drive"
  digital_id: "720465"
  education: "MSc Data"
  health_id: "75564"
  country: "Philippines"
  state: "Washington"
  postal_code: "8611"
  marital_status: "no"
  employment_status: "no"
  blood_group: "A-"

- id: 40
  first_name: "Care"
  last_name: "MacMenamin"
  email: "cmacmenamin13@lycos.com"
  gender: "Male"
  ip_address: "88.49.95.125"
  name: "Care MacMenamin"
  phone: "+86 (283) 384-0082"
  city: "Wangcheng"
  birthday_month: "August"
  age: 48
  address: "9956 Bobwhite Street"
  digital_id: "080531"
  education: "BSc CS"
  health_id: "03309"
  country: "China"
  state: "Oregon"
  postal_code: "34814"
  marital_status: "yes"
  employment_status: "yes"
  blood_group: "B+"

- id: 41
  first_name: "Brendin"
  last_name: "Gilligan"
  email: "bgilligan14@domainmarket.com"
  gender: "Male"
  ip_address: "147.179.202.29"
  name: "Brendin Gilligan"
  phone: "+976 (894) 773-7772"
  city: "Jargalant"
  birthday_month: "August"
  age: 41
  address: "882 Hollow Ridge Center"
  digital_id: "193745"
  education: "BCom"
  health_id: "99124"
  country: "Mongolia"
  state: "Virginia"
  postal_code: "86983"
  marital_status: "yes"
  employment_status: "yes"
  blood_group: "AB+"

- id: 42
  first_name: "Gilbertine"
  last_name: "Heddan"
  email: "gheddan15@eventbrite.com"
  gender: "Female"
  ip_address: "43.147.189.195"
  name: "Gilbertine Heddan"
  phone: "+84 (951) 699-7597"
  city: "Tân Hiệp"
  birthday_month: "October"
  age: 74
  address: "212 Barby Terrace"
  digital_id: "663193"
  education: "BA Economics"
  health_id: "49190"
  country: "Vietnam"
  state: "New Jersey"
  postal_code: "35558"
  marital_status: "no"
  employment_status: "no"
  blood_group: "AB-"

- id: 43
  first_name: "Corilla"
  last_name: "Poulett"
  email: "cpoulett16@typepad.com"
  gender: "Female"
  ip_address: "159.59.194.173"
  name: "Corilla Poulett"
  phone: "+48 (465) 278-0493"
  city: "Tarnowskie Góry"
  birthday_month: "February"
  age: 32
  address: "21 Arrowood Place"
  digital_id: "850671"
  education: "MCA"
  health_id: "57262"
  country: "Poland"
  state: "Massachusetts"
  postal_code: "42-680"
  marital_status: "no"
  employment_status: "no"
  blood_group: "O-"

- id: 44
  first_name: "Murry"
  last_name: "Cherry Holme"
  email: "mcherry17@g.co"
  gender: "Male"
  ip_address: "182.215.36.223"
  name: "Murry Cherry Holme"
  phone: "+55 (514) 480-1436"
  city: "Ferraz de Vasconcelos"
  birthday_month: "July"
  age: 4
  address: "0372 Pepper Wood Drive"
  digital_id: "945314"
  education: "MA English"
  health_id: "37996"
  country: "Brazil"
  state: "Tennessee"
  postal_code: "08500-000"
  marital_status: "no"
  employment_status: "yes"
  blood_group: "O-"

- id: 45
  first_name: "Temp"
  last_name: "Dimeloe"
  email: "tdimeloe18@fema.gov"
  gender: "Male"
  ip_address: "80.128.151.224"
  name: "Temp Dimeloe"
  phone: "+54 (251) 102-4478"
  city: "Villa Nueva"
  birthday_month: "June"
  age: 43
  address: "4 East Lane"
  digital_id: "273545"
  education: "MBA"
  health_id: "94808"
  country: "Argentina"
  state: "Indiana"
  postal_code: "5903"
  marital_status: "yes"
  employment_status: "yes"
  blood_group: "B-"

- id: 46
  first_name: "Lucy"
  last_name: "Simmons"
  email: "lsimmons19@phpbb.com"
  gender: "Female"
  ip_address: "33.66.26.47"
  name: "Lucy Simmons"
  phone: "+81 (734) 391-8668"
  city: "Tamana"
  birthday_month: "December"
  age: 53
  address: "730 Linden Plaza"
  digital_id: "678377"
  education: "MA English"
  health_id: "01436"
  country: "Japan"
  state: "Missouri"
  postal_code: "865-0005"
  marital_status: "yes"
  employment_status: "no"
  blood_group: "AB-"

- id: 47
  first_name: "Eirena"
  last_name: "Saill"
  email: "esaill1a@adobe.com"
  gender: "Polygender"
  ip_address: "150.148.254.246"
  name: "Eirena Saill"
  phone: "+7 (369) 129-8641"
  city: "Derzhavīnsk"
  birthday_month: "August"
  age: 73
  address: "5 Northridge Junction"
  digital_id: "885685"
  education: "BTech"
  health_id: "74443"
  country: "Kazakhstan"
  state: "California"
  postal_code: "83388"
  marital_status: "yes"
  employment_status: "yes"
  blood_group: "AB-"

- id: 48
  first_name: "Emlyn"
  last_name: "Jacobbe"
  email: "ejacobbe1b@economist.com"
  gender: "Female"
  ip_address: "211.18.55.126"
  name: "Emlyn Jacobbe"
  phone: "+48 (848) 118-7496"
  city: "Kępice"
  birthday_month: "February"
  age: 0
  address: "1 Ramsey Crossing"
  digital_id: "823374"
  education: "Diploma IT"
  health_id: "89413"
  country: "Poland"
  state: "Texas"
  postal_code: "77-230"
  marital_status: "no"
  employment_status: "yes"
  blood_group: "AB-"

- id: 49
  first_name: "Grace"
  last_name: "Goly"
  email: "ggoly1c@disqus.com"
  gender: "Male"
  ip_address: "122.85.151.120"
  name: "Grace Goly"
  phone: "+27 (478) 379-4336"
  city: "Wartburg"
  birthday_month: "March"
  age: 14
  address: "3517 Steensland Drive"
  digital_id: "408240"
  education: "BSc CS"
  health_id: "84271"
  country: "South Africa"
  state: "New York"
  postal_code: "3234"
  marital_status: "yes"
  employment_status: "no"
  blood_group: "O-"

- id: 50
  first_name: "Sunshine"
  last_name: "O' Donohue"
  email: "so1d@vkontakte.ru"
  gender: "Female"
  ip_address: "206.58.190.170"
  name: "Sunshine O' Donohue"
  phone: "+675 (253) 974-8951"
  city: "Lorengau"
  birthday_month: "August"
  age: 77
  address: "699 Redwing Crossing"
  digital_id: "752047"
  education: "BA Economics"
  health_id: "16719"
  country: "Papua New Guinea"
  state: "Florida"
  postal_code: "30954"
  marital_status: "yes"
  employment_status: "yes"
  blood_group: "B+"

- id: 51
  first_name: "Myles"
  last_name: "O' Scallan"
  email: "mo1e@answers.com"
  gender: "Male"
  ip_address: "54.178.48.60"
  name: "Myles O' Scallan"
  phone: "+30 (148) 529-4436"
  city: "Panórama"
  birthday_month: "October"
  age: 69
  address: "916 Dryden Trail"
  digital_id: "413186"
  education: "Diploma IT"
  health_id: "99386"
  country: "Greece"
  state: "Illinois"
  postal_code: "65193"
  marital_status: "no"
  employment_status: "no"
  blood_group: "AB+"

- id: 52
  first_name: "Torin"
  last_name: "Gettins"
  email: "tgettins1f@kickstarter.com"
  gender: "Male"
  ip_address: "209.101.162.150"
  name: "Torin Gettins"
  phone: "+94 (895) 632-6625"
  city: "Welisara"
  birthday_month: "October"
  age: 38
  address: "26686 Anderson Drive"
  digital_id: "649909"
  education: "BA Economics"
  health_id: "33412"
  country: "Sri Lanka"
  state: "Ohio"
  postal_code: "11830"
  marital_status: "yes"
  employment_status: "yes"
  blood_group: "A-"

- id: 53
  first_name: "Catina"
  last_name: "Hember"
  email: "chember1g@un.org"
  gender: "Female"
  ip_address: "34.241.2.151"
  name: "Catina Hember"
  phone: "+963 (656) 315-5126"
  city: "Al Qaryatayn"
  birthday_month: "March"
  age: 48
  address: "18803 Cordelia Plaza"
  digital_id: "067974"
  education: "BSc CS"
  health_id: "34471"
  country: "Syria"
  state: "Georgia"
  postal_code: "15687"
  marital_status: "yes"
  employment_status: "no"
  blood_group: "B-"

- id: 54
  first_name: "Bendick"
  last_name: "Zanardii"
  email: "bzanardii1h@furl.net"
  gender: "Male"
  ip_address: "229.32.143.248"
  name: "Bendick Zanardii"
  phone: "+504 (141) 702-6995"
  city: "Sabanagrande"
  birthday_month: "July"
  age: 80
  address: "79 Ilene Street"
  digital_id: "183242"
  education: "BA Economics"
  health_id: "02499"
  country: "Honduras"
  state: "North Carolina"
  postal_code: "88919"
  marital_status: "no"
  employment_status: "no"
  blood_group: "A-"

- id: 55
  first_name: "Forest"
  last_name: "Voller"
  email: "fvoller1i@topsy.com"
  gender: "Male"
  ip_address: "218.49.158.43"
  name: "Forest Voller"
  phone: "+355 (750) 405-6964"
  city: "Rrapë"
  birthday_month: "August"
  age: 47
  address: "39744 Heffernan Pass"
  digital_id: "464887"
  education: "MA English"
  health_id: "19065"
  country: "Albania"
  state: "Michigan"
  postal_code: "91673"
  marital_status: "no"
  employment_status: "yes"
  blood_group: "A-"

- id: 56
  first_name: "Elinor"
  last_name: "Waterfall"
  email: "ewaterfall1j@indiegogo.com"
  gender: "Female"
  ip_address: "2.154.99.211"
  name: "Elinor Waterfall"
  phone: "+31 (455) 533-0344"
  city: "Rijswijk"
  birthday_month: "April"
  age: 69
  address: "5 Susan Terrace"
  digital_id: "990490"
  education: "BCom"
  health_id: "78742"
  country: "Netherlands"
  state: "Provincie Zuid-Holland"
  postal_code: "2284"
  marital_status: "no"
  employment_status: "no"
  blood_group: "A-"

- id: 57
  first_name: "Caye"
  last_name: "Avramov"
  email: "cavramov1k@nymag.com"
  gender: "Female"
  ip_address: "7.107.184.29"
  name: "Caye Avramov"
  phone: "+54 (977) 484-4983"
  city: "San Pedro"
  birthday_month: "August"
  age: 80
  address: "16 International Street"
  digital_id: "565512"
  education: "BTech"
  health_id: "67468"
  country: "Argentina"
  state: "Pennsylvania"
  postal_code: "4500"
  marital_status: "yes"
  employment_status: "no"
  blood_group: "A-"

- id: 58
  first_name: "Sarah"
  last_name: "Whitehurst"
  email: "swhitehurst1l@ifeng.com"
  gender: "Female"
  ip_address: "94.2.243.252"
  name: "Sarah Whitehurst"
  phone: "+60 (874) 985-7769"
  city: "Petaling Jaya"
  birthday_month: "June"
  age: 36
  address: "904 Holy Cross Court"
  digital_id: "451680"
  education: "PhD Physics"
  health_id: "76038"
  country: "Malaysia"
  state: "Selangor"
  postal_code: "46675"
  marital_status: "no"
  employment_status: "no"
  blood_group: "O-"

- id: 59
  first_name: "Lin"
  last_name: "Longcake"
  email: "llongcake1m@uol.com.br"
  gender: "Female"
  ip_address: "27.76.141.225"
  name: "Lin Longcake"
  phone: "+380 (912) 197-4594"
  city: "Sheshory"
  birthday_month: "January"
  age: 38
  address: "351 Union Junction"
  digital_id: "348247"
  education: "MA English"
  health_id: "10932"
  country: "Ukraine"
  state: "Arizona"
  postal_code: "68605"
  marital_status: "no"
  employment_status: "yes"
  blood_group: "O+"

- id: 60
  first_name: "Amabel"
  last_name: "McClaren"
  email: "amcclaren1n@bbb.org"
  gender: "Female"
  ip_address: "182.235.138.41"
  name: "Amabel McClaren"
  phone: "+54 (524) 115-4840"
  city: "San Lorenzo"
  birthday_month: "February"
  age: 69
  address: "386 Doe Crossing Pass"
  digital_id: "317127"
  education: "MBA"
  health_id: "84677"
  country: "Argentina"
  state: "Colorado"
  postal_code: "2200"
  marital_status: "yes"
  employment_status: "no"
  blood_group: "B+"

- id: 61
  first_name: "Cary"
  last_name: "Lanfranconi"
  email: "clanfranconi1o@dedecms.com"
  gender: "Non-binary"
  ip_address: "228.194.120.193"
  name: "Cary Lanfranconi"
  phone: "+7 (927) 954-4712"
  city: "Novovladykino"
  birthday_month: "July"
  age: 75
  address: "406 Portage Avenue"
  digital_id: "398214"
  education: "MCA"
  health_id: "58404"
  country: "Russia"
  state: "Washington"
  postal_code: "659436"
  marital_status: "no"
  employment_status: "no"
  blood_group: "B+"

- id: 62
  first_name: "Rozamond"
  last_name: "Falco"
  email: "rfalco1p@goodreads.com"
  gender: "Female"
  ip_address: "254.8.248.223"
  name: "Rozamond Falco"
  phone: "+86 (318) 152-4617"
  city: "Liuxiang"
  birthday_month: "August"
  age: 8
  address: "527 Stephen Park"
  digital_id: "875588"
  education: "MCA"
  health_id: "75339"
  country: "China"
  state: "Oregon"
  postal_code: "92307"
  marital_status: "no"
  employment_status: "yes"
  blood_group: "O+"

- id: 63
  first_name: "Letta"
  last_name: "Caughtry"
  email: "lcaughtry1q@imgur.com"
  gender: "Female"
  ip_address: "176.177.2.113"
  name: "Letta Caughtry"
  phone: "+62 (406) 827-5544"
  city: "Gunungtua"
  birthday_month: "January"
  age: 42
  address: "69 Monterey Drive"
  digital_id: "576627"
  education: "BSc CS"
  health_id: "28951"
  country: "Indonesia"
  state: "Virginia"
  postal_code: "90826"
  marital_status: "no"
  employment_status: "yes"
  blood_group: "O-"

- id: 64
  first_name: "Kassi"
  last_name: "Plastow"
  email: "kplastow1r@gizmodo.com"
  gender: "Female"
  ip_address: "249.248.171.244"
  name: "Kassi Plastow"
  phone: "+1 (614) 504-5295"
  city: "Columbus"
  birthday_month: "January"
  age: 79
  address: "40 Moulton Parkway"
  digital_id: "262174"
  education: "BTech"
  health_id: "96158"
  country: "United States"
  state: "Ohio"
  postal_code: "43268"
  marital_status: "no"
  employment_status: "no"
  blood_group: "O-"

- id: 65
  first_name: "Essa"
  last_name: "Smickle"
  email: "esmickle1s@wired.com"
  gender: "Female"
  ip_address: "13.99.200.206"
  name: "Essa Smickle"
  phone: "+7 (586) 561-8180"
  city: "Volot"
  birthday_month: "September"
  age: 72
  address: "68862 Oak Valley Point"
  digital_id: "091343"
  education: "BA Economics"
  health_id: "61172"
  country: "Russia"
  state: "New Jersey"
  postal_code: "175100"
  marital_status: "no"
  employment_status: "yes"
  blood_group: "A+"

- id: 66
  first_name: "Gerti"
  last_name: "McCarly"
  email: "gmccarly1t@google.de"
  gender: "Female"
  ip_address: "127.51.31.78"
  name: "Gerti McCarly"
  phone: "+86 (419) 692-2217"
  city: "Rifeng"
  birthday_month: "June"
  age: 19
  address: "55182 Fieldstone Place"
  digital_id: "045562"
  education: "MSc Data"
  health_id: "86922"
  country: "China"
  state: "Massachusetts"
  postal_code: "82910"
  marital_status: "yes"
  employment_status: "yes"
  blood_group: "O+"

- id: 67
  first_name: "Claus"
  last_name: "Godby"
  email: "cgodby1u@goo.gl"
  gender: "Bigender"
  ip_address: "74.250.143.97"
  name: "Claus Godby"
  phone: "+86 (904) 267-7619"
  city: "Zhanghekou"
  birthday_month: "October"
  age: 14
  address: "423 Johnson Trail"
  digital_id: "379237"
  education: "MBA"
  health_id: "74074"
  country: "China"
  state: "Tennessee"
  postal_code: "84912"
  marital_status: "yes"
  employment_status: "yes"
  blood_group: "O-"

- id: 68
  first_name: "Salmon"
  last_name: "Clausewitz"
  email: "sclausewitz1v@about.com"
  gender: "Male"
  ip_address: "146.242.103.63"
  name: "Salmon Clausewitz"
  phone: "+351 (758) 207-7577"
  city: "Candoso"
  birthday_month: "June"
  age: 49
  address: "35097 Haas Point"
  digital_id: "946474"
  education: "MSc Data"
  health_id: "67136"
  country: "Portugal"
  state: "Bragança"
  postal_code: "5360-035"
  marital_status: "no"
  employment_status: "no"
  blood_group: "AB+"

- id: 69
  first_name: "Abbye"
  last_name: "Couvert"
  email: "acouvert1w@xing.com"
  gender: "Female"
  ip_address: "166.222.40.239"
  name: "Abbye Couvert"
  phone: "+358 (491) 398-3586"
  city: "Joutseno"
  birthday_month: "January"
  age: 70
  address: "7 Anzinger Point"
  digital_id: "640909"
  education: "MA English"
  health_id: "43953"
  country: "Finland"
  state: "Indiana"
  postal_code: "54101"
  marital_status: "yes"
  employment_status: "no"
  blood_group: "B+"

- id: 70
  first_name: "Muriel"
  last_name: "Dunthorn"
  email: "mdunthorn1x@spotify.com"
  gender: "Female"
  ip_address: "57.57.122.138"
  name: "Muriel Dunthorn"
  phone: "+46 (347) 469-0980"
  city: "Habo"
  birthday_month: "November"
  age: 31
  address: "9 Manitowish Circle"
  digital_id: "104709"
  education: "BTech"
  health_id: "21456"
  country: "Sweden"
  state: "Jonkoping"
  postal_code: "566 24"
  marital_status: "yes"
  employment_status: "yes"
  blood_group: "B+"

- id: 71
  first_name: "Clary"
  last_name: "Kochl"
  email: "ckochl1y@reuters.com"
  gender: "Female"
  ip_address: "168.137.231.179"
  name: "Clary Kochl"
  phone: "+66 (151) 563-6537"
  city: "Bang Sao Thong"
  birthday_month: "September"
  age: 5
  address: "4204 Lakeland Center"
  digital_id: "588424"
  education: "MA English"
  health_id: "45171"
  country: "Thailand"
  state: "Missouri"
  postal_code: "10560"
  marital_status: "yes"
  employment_status: "yes"
  blood_group: "O+"

- id: 72
  first_name: "Richardo"
  last_name: "Thuillier"
  email: "rthuillier1z@unicef.org"
  gender: "Male"
  ip_address: "89.169.80.69"
  name: "Richardo Thuillier"
  phone: "+92 (792) 562-6995"
  city: "Pahārpur"
  birthday_month: "September"
  age: 20
  address: "4 Welch Street"
  digital_id: "516048"
  education: "BA Economics"
  health_id: "75496"
  country: "Pakistan"
  state: "California"
  postal_code: "12251"
  marital_status: "no"
  employment_status: "yes"
  blood_group: "B-"

- id: 73
  first_name: "Perla"
  last_name: "Hanfrey"
  email: "phanfrey20@yahoo.com"
  gender: "Agender"
  ip_address: "20.188.153.135"
  name: "Perla Hanfrey"
  phone: "+86 (783) 222-9700"
  city: "Zhangcun"
  birthday_month: "August"
  age: 27
  address: "27 Colorado Point"
  digital_id: "098593"
  education: "BA Economics"
  health_id: "74612"
  country: "China"
  state: "Texas"
  postal_code: "61871"
  marital_status: "yes"
  employment_status: "yes"
  blood_group: "AB+"

- id: 74
  first_name: "Tate"
  last_name: "Gierck"
  email: "tgierck21@bizjournals.com"
  gender: "Male"
  ip_address: "77.89.48.198"
  name: "Tate Gierck"
  phone: "+36 (683) 193-5918"
  city: "Kecskemét"
  birthday_month: "August"
  age: 49
  address: "856 Farwell Road"
  digital_id: "113826"
  education: "MA English"
  health_id: "58692"
  country: "Hungary"
  state: "Bács-Kiskun"
  postal_code: "6004"
  marital_status: "no"
  employment_status: "yes"
  blood_group: "O-"

- id: 75
  first_name: "Ardith"
  last_name: "Bradborne"
  email: "abradborne22@wunderground.com"
  gender: "Female"
  ip_address: "98.93.7.85"
  name: "Ardith Bradborne"
  phone: "+86 (952) 728-6401"
  city: "Tianshan"
  birthday_month: "October"
  age: 50
  address: "468 Merchant Lane"
  digital_id: "640537"
  education: "MA English"
  health_id: "35158"
  country: "China"
  state: "New York"
  postal_code: "93158"
  marital_status: "no"
  employment_status: "yes"
  blood_group: "O+"

- id: 76
  first_name: "Ben"
  last_name: "Pellant"
  email: "bpellant23@chicagotribune.com"
  gender: "Male"
  ip_address: "224.193.171.152"
  name: "Ben Pellant"
  phone: "+994 (269) 349-8012"
  city: "Ganja"
  birthday_month: "May"
  age: 22
  address: "1 Cody Court"
  digital_id: "317139"
  education: "BSc CS"
  health_id: "05329"
  country: "Azerbaijan"
  state: "Florida"
  postal_code: "82693"
  marital_status: "yes"
  employment_status: "yes"
  blood_group: "B-"

- id: 77
  first_name: "Kristine"
  last_name: "Shoppee"
  email: "kshoppee24@aboutads.info"
  gender: "Female"
  ip_address: "87.41.51.232"
  name: "Kristine Shoppee"
  phone: "+81 (339) 103-8618"
  city: "Hobaramachi"
  birthday_month: "October"
  age: 2
  address: "44704 Bay Trail"
  digital_id: "335290"
  education: "MBA"
  health_id: "22842"
  country: "Japan"
  state: "Illinois"
  postal_code: "960-0808"
  marital_status: "yes"
  employment_status: "yes"
  blood_group: "B+"

- id: 78
  first_name: "Matthias"
  last_name: "Niblett"
  email: "mniblett25@imgur.com"
  gender: "Male"
  ip_address: "203.70.33.224"
  name: "Matthias Niblett"
  phone: "+62 (639) 924-6811"
  city: "Ciperang"
  birthday_month: "January"
  age: 40
  address: "66798 Clyde Gallagher Drive"
  digital_id: "539502"
  education: "MBA"
  health_id: "02681"
  country: "Indonesia"
  state: "Ohio"
  postal_code: "32828"
  marital_status: "yes"
  employment_status: "no"
  blood_group: "O-"

- id: 79
  first_name: "Morten"
  last_name: "Woonton"
  email: "mwoonton26@ucoz.com"
  gender: "Male"
  ip_address: "197.194.68.27"
  name: "Morten Woonton"
  phone: "+86 (467) 809-6268"
  city: "Chunxi"
  birthday_month: "June"
  age: 30
  address: "66137 Blackbird Center"
  digital_id: "891783"
  education: "Diploma IT"
  health_id: "08470"
  country: "China"
  state: "Georgia"
  postal_code: "89214"
  marital_status: "yes"
  employment_status: "no"
  blood_group: "O+"

- id: 80
  first_name: "Pandora"
  last_name: "Mongan"
  email: "pmongan27@samsung.com"
  gender: "Female"
  ip_address: "170.26.248.227"
  name: "Pandora Mongan"
  phone: "+351 (993) 628-2504"
  city: "Lajeosa do Mondego"
  birthday_month: "July"
  age: 26
  address: "8 Oxford Lane"
  digital_id: "177115"
  education: "Diploma IT"
  health_id: "21249"
  country: "Portugal"
  state: "Guarda"
  postal_code: "6360-496"
  marital_status: "no"
  employment_status: "no"
  blood_group: "AB+"

- id: 81
  first_name: "Lyndsey"
  last_name: "Wilbud"
  email: "lwilbud28@loc.gov"
  gender: "Bigender"
  ip_address: "16.124.238.130"
  name: "Lyndsey Wilbud"
  phone: "+48 (711) 337-2133"
  city: "Mszana Dolna"
  birthday_month: "August"
  age: 15
  address: "23 Hallows Drive"
  digital_id: "896118"
  education: "MSc Data"
  health_id: "67365"
  country: "Poland"
  state: "North Carolina"
  postal_code: "34-730"
  marital_status: "no"
  employment_status: "no"
  blood_group: "O+"

- id: 82
  first_name: "Corney"
  last_name: "Giblett"
  email: "cgiblett29@360.cn"
  gender: "Male"
  ip_address: "150.175.107.2"
  name: "Corney Giblett"
  phone: "+502 (994) 938-1398"
  city: "Jutiapa"
  birthday_month: "December"
  age: 33
  address: "76240 Crowley Parkway"
  digital_id: "156545"
  education: "BCom"
  health_id: "71111"
  country: "Guatemala"
  state: "Michigan"
  postal_code: "22001"
  marital_status: "no"
  employment_status: "yes"
  blood_group: "AB-"

- id: 83
  first_name: "Stearne"
  last_name: "Sailor"
  email: "ssailor2a@sciencedirect.com"
  gender: "Male"
  ip_address: "251.86.53.120"
  name: "Stearne Sailor"
  phone: "+86 (163) 181-3333"
  city: "Jiuheyuan"
  birthday_month: "March"
  age: 59
  address: "347 Rigney Point"
  digital_id: "809885"
  education: "BA Economics"
  health_id: "65604"
  country: "China"
  state: "Pennsylvania"
  postal_code: "18046"
  marital_status: "no"
  employment_status: "no"
  blood_group: "A-"

- id: 84
  first_name: "Aleen"
  last_name: "Heinicke"
  email: "aheinicke2b@macromedia.com"
  gender: "Female"
  ip_address: "115.7.185.63"
  name: "Aleen Heinicke"
  phone: "+86 (436) 496-3344"
  city: "Tonglin"
  birthday_month: "October"
  age: 20
  address: "773 Manitowish Junction"
  digital_id: "832731"
  education: "BTech"
  health_id: "85149"
  country: "China"
  state: "Arizona"
  postal_code: "94171"
  marital_status: "yes"
  employment_status: "no"
  blood_group: "A+"

- id: 85
  first_name: "Thomasine"
  last_name: "Meers"
  email: "tmeers2c@telegraph.co.uk"
  gender: "Non-binary"
  ip_address: "174.213.144.20"
  name: "Thomasine Meers"
  phone: "+30 (378) 388-5781"
  city: "Kérkyra"
  birthday_month: "October"
  age: 48
  address: "007 Welch Park"
  digital_id: "402445"
  education: "BTech"
  health_id: "02296"
  country: "Greece"
  state: "Colorado"
  postal_code: "55911"
  marital_status: "yes"
  employment_status: "yes"
  blood_group: "A+"

- id: 86
  first_name: "Lorrin"
  last_name: "Beeho"
  email: "lbeeho2d@live.com"
  gender: "Female"
  ip_address: "100.52.29.100"
  name: "Lorrin Beeho"
  phone: "+55 (979) 507-8027"
  city: "Santa Helena"
  birthday_month: "February"
  age: 75
  address: "0689 Loeprich Center"
  digital_id: "836675"
  education: "BCom"
  health_id: "54599"
  country: "Brazil"
  state: "Washington"
  postal_code: "89915-000"
  marital_status: "yes"
  employment_status: "yes"
  blood_group: "B+"

- id: 87
  first_name: "Cacilia"
  last_name: "Maron"
  email: "cmaron2e@psu.edu"
  gender: "Female"
  ip_address: "166.58.178.160"
  name: "Cacilia Maron"
  phone: "+86 (337) 924-2848"
  city: "Zhendong"
  birthday_month: "March"
  age: 75
  address: "4 Graedel Center"
  digital_id: "901476"
  education: "MA English"
  health_id: "97643"
  country: "China"
  state: "Oregon"
  postal_code: "83760"
  marital_status: "yes"
  employment_status: "no"
  blood_group: "O+"

- id: 88
  first_name: "Stephie"
  last_name: "Ferre"
  email: "sferre2f@geocities.com"
  gender: "Female"
  ip_address: "7.245.45.158"
  name: "Stephie Ferre"
  phone: "+504 (163) 611-7059"
  city: "San Nicolás"
  birthday_month: "February"
  age: 49
  address: "27449 Stang Center"
  digital_id: "497840"
  education: "MSc Data"
  health_id: "69003"
  country: "Honduras"
  state: "Virginia"
  postal_code: "88328"
  marital_status: "no"
  employment_status: "yes"
  blood_group: "B+"

- id: 89
  first_name: "Lonnie"
  last_name: "Maidlow"
  email: "lmaidlow2g@dailymail.co.uk"
  gender: "Female"
  ip_address: "153.147.149.218"
  name: "Lonnie Maidlow"
  phone: "+971 (170) 851-0230"
  city: "Dubai"
  birthday_month: "May"
  age: 19
  address: "97 Lighthouse Bay Street"
  digital_id: "451076"
  education: "BCom"
  health_id: "26838"
  country: "United Arab Emirates"
  state: "New Jersey"
  postal_code: "21203"
  marital_status: "no"
  employment_status: "yes"
  blood_group: "O+"

- id: 90
  first_name: "Marleen"
  last_name: "Geck"
  email: "mgeck2h@senate.gov"
  gender: "Female"
  ip_address: "199.10.91.227"
  name: "Marleen Geck"
  phone: "+48 (822) 472-3360"
  city: "Purda"
  birthday_month: "December"
  age: 61
  address: "1984 Schurz Street"
  digital_id: "060715"
  education: "Diploma IT"
  health_id: "69664"
  country: "Poland"
  state: "Massachusetts"
  postal_code: "11-030"
  marital_status: "yes"
  employment_status: "no"
  blood_group: "A+"

- id: 91
  first_name: "Rudy"
  last_name: "Mucklestone"
  email: "rmucklestone2i@hc360.com"
  gender: "Male"
  ip_address: "32.209.187.65"
  name: "Rudy Mucklestone"
  phone: "+7 (673) 590-3873"
  city: "Stodolishche"
  birthday_month: "June"
  age: 46
  address: "29 Ohio Way"
  digital_id: "297516"
  education: "BA Economics"
  health_id: "36968"
  country: "Russia"
  state: "Tennessee"
  postal_code: "216471"
  marital_status: "yes"
  employment_status: "no"
  blood_group: "AB+"

- id: 92
  first_name: "Franciska"
  last_name: "Henighan"
  email: "fhenighan2j@dot.gov"
  gender: "Female"
  ip_address: "175.66.105.207"
  name: "Franciska Henighan"
  phone: "+63 (557) 763-9672"
  city: "San Juan"
  birthday_month: "December"
  age: 11
  address: "45 Stuart Way"
  digital_id: "535218"
  education: "BA Economics"
  health_id: "88355"
  country: "Philippines"
  state: "Indiana"
  postal_code: "6227"
  marital_status: "yes"
  employment_status: "yes"
  blood_group: "A-"

- id: 93
  first_name: "Hansiain"
  last_name: "Methingam"
  email: "hmethingam2k@cbslocal.com"
  gender: "Male"
  ip_address: "20.72.214.196"
  name: "Hansiain Methingam"
  phone: "+86 (222) 803-5178"
  city: "Chang’an"
  birthday_month: "March"
  age: 20
  address: "1611 Ilene Junction"
  digital_id: "432921"
  education: "BCom"
  health_id: "77997"
  country: "China"
  state: "Missouri"
  postal_code: "18766"
  marital_status: "no"
  employment_status: "no"
  blood_group: "B+"

- id: 94
  first_name: "Rutherford"
  last_name: "Oven"
  email: "roven2l@wikispaces.com"
  gender: "Male"
  ip_address: "126.207.207.160"
  name: "Rutherford Oven"
  phone: "+81 (626) 508-7801"
  city: "Goshogawara"
  birthday_month: "August"
  age: 51
  address: "5 Blackbird Park"
  digital_id: "177449"
  education: "BSc CS"
  health_id: "58147"
  country: "Japan"
  state: "California"
  postal_code: "952-1505"
  marital_status: "no"
  employment_status: "yes"
  blood_group: "A+"

- id: 95
  first_name: "Violante"
  last_name: "Reoch"
  email: "vreoch2m@google.pl"
  gender: "Female"
  ip_address: "5.251.104.71"
  name: "Violante Reoch"
  phone: "+63 (188) 775-5638"
  city: "Bantog"
  birthday_month: "June"
  age: 21
  address: "64 Dovetail Drive"
  digital_id: "411998"
  education: "MCA"
  health_id: "79807"
  country: "Philippines"
  state: "Texas"
  postal_code: "2445"
  marital_status: "yes"
  employment_status: "no"
  blood_group: "O-"

- id: 96
  first_name: "Lane"
  last_name: "Faithfull"
  email: "lfaithfull2n@mit.edu"
  gender: "Female"
  ip_address: "156.97.156.42"
  name: "Lane Faithfull"
  phone: "+86 (140) 536-9902"
  city: "Majin"
  birthday_month: "September"
  age: 69
  address: "44 Oneill Parkway"
  digital_id: "207151"
  education: "PhD Physics"
  health_id: "20377"
  country: "China"
  state: "New York"
  postal_code: "96099"
  marital_status: "yes"
  employment_status: "no"
  blood_group: "AB-"

- id: 97
  first_name: "Jaquenetta"
  last_name: "Keywood"
  email: "jkeywood2o@sbwire.com"
  gender: "Female"
  ip_address: "172.34.200.81"
  name: "Jaquenetta Keywood"
  phone: "+86 (537) 263-2319"
  city: "Xiniqi"
  birthday_month: "May"
  age: 10
  address: "0396 Oak Place"
  digital_id: "665905"
  education: "BA Economics"
  health_id: "51864"
  country: "China"
  state: "Florida"
  postal_code: "97808"
  marital_status: "no"
  employment_status: "yes"
  blood_group: "AB-"

- id: 98
  first_name: "Fredelia"
  last_name: "Bavidge"
  email: "fbavidge2p@noaa.gov"
  gender: "Genderfluid"
  ip_address: "160.174.172.120"
  name: "Fredelia Bavidge"
  phone: "+46 (837) 163-4364"
  city: "Åtvidaberg"
  birthday_month: "February"
  age: 40
  address: "73154 Dovetail Avenue"
  digital_id: "925462"
  education: "Diploma IT"
  health_id: "14865"
  country: "Sweden"
  state: "Östergötland"
  postal_code: "597 96"
  marital_status: "yes"
  employment_status: "yes"
  blood_group: "O+"

- id: 99
  first_name: "Selle"
  last_name: "Benda"
  email: "sbenda2q@dagondesign.com"
  gender: "Female"
  ip_address: "132.247.23.48"
  name: "Selle Benda"
  phone: "+380 (560) 890-1027"
  city: "Uralo-Kavkaz"
  birthday_month: "September"
  age: 30
  address: "7904 Prentice Point"
  digital_id: "505423"
  education: "BTech"
  health_id: "73322"
  country: "Ukraine"
  state: "Illinois"
  postal_code: "65061"
  marital_status: "yes"
  employment_status: "no"
  blood_group: "A-"

- id: 100
  first_name: "Hadleigh"
  last_name: "Hardington"
  email: "hhardington2r@hugedomains.com"
  gender: "Male"
  ip_address: "98.146.7.176"
  name: "Hadleigh Hardington"
  phone: "+351 (626) 911-8525"
  city: "Boavista"
  birthday_month: "September"
  age: 75
  address: "79393 Arizona Alley"
  digital_id: "880592"
  education: "Diploma IT"
  health_id: "62229"
  country: "Portugal"
  state: "Braga"
  postal_code: "4905-014"
  marital_status: "yes"
  employment_status: "no"
  blood_group: "A+"
